"","importer","imported"
"1","58","imageai.Detection"
"2","58","os"
"3","58","cv2"
"4","59","imageai.Detection.Custom"
"5","60","imageai.Detection.Custom"
"6","60","cv2"
"7","61","imageai.Detection.Custom"
"8","62","imageai.Detection.Custom"
"9","62","cv2"
"10","63","imageai.Detection.Custom"
"11","63","cv2"
"12","64","imageai.Detection.Custom"
"13","65","imageai.Detection.Custom"
"14","66","imageai.Detection.Custom"
"15","67","imageai.Detection.Custom"
"16","67","os"
"17","68","imageai.Prediction.Custom"
"18","68","os"
"19","69","imageai.Prediction.Custom"
"20","69","os"
"21","70","imageai.Prediction.Custom"
"22","70","os"
"23","71","imageai.Prediction.Custom"
"24","71","os"
"25","72","imageai.Prediction.Custom"
"26","72","os"
"27","73","imageai.Prediction.Custom"
"28","74","imageai.Prediction.Custom"
"29","74","os"
"30","75","imageai.Prediction.Custom"
"31","75","os"
"32","77","imageai.Detection"
"33","77","os"
"34","77","time"
"35","78","imageai.Prediction"
"36","78","os"
"37","79","imageai.Prediction"
"38","79","os"
"39","80","imageai.Detection"
"40","80","os"
"41","81","imageai.Detection"
"42","81","os"
"43","81","matplotlib"
"44","82","imageai.Detection"
"45","82","os"
"46","82","matplotlib"
"47","83","imageai.Detection"
"48","83","os"
"49","84","imageai.Detection"
"50","84","os"
"51","93","cv2"
"52","93","imageai.Detection.keras_retinanet.models.resnet"
"53","93","imageai.Detection.keras_retinanet.utils.image"
"54","93","imageai.Detection.keras_retinanet.utils.visualization"
"55","93","imageai.Detection.keras_retinanet.utils.colors"
"56","93","matplotlib.pyplot"
"57","93","matplotlib.image"
"58","93","numpy"
"59","93","tensorflow"
"60","93","os"
"61","93","keras"
"62","93","keras.layers"
"63","93","PIL"
"64","93","colorsys"
"65","93","imageai.Detection.YOLOv3.models"
"66","93","imageai.Detection.YOLOv3.utils"
"67","95","os"
"68","95","re"
"69","95","numpy"
"70","95","json"
"71","95","imageai.Detection.Custom.voc"
"72","95","imageai.Detection.Custom.yolo"
"73","95","imageai.Detection.YOLOv3.models"
"74","95","imageai.Detection.Custom.generator"
"75","95","imageai.Detection.Custom.utils.utils"
"76","95","keras.callbacks"
"77","95","keras.optimizers"
"78","95","imageai.Detection.Custom.callbacks"
"79","95","imageai.Detection.Custom.utils.multi_gpu_model"
"80","95","imageai.Detection.Custom.gen_anchors"
"81","95","tensorflow"
"82","95","keras.models"
"83","95","keras.callbacks"
"84","95","ker"
"85","95","cv2"
"86","96","keras.callbacks"
"87","96","tensorflow"
"88","96","numpy"
"89","96","warnings"
"90","100","argparse"
"91","100","os"
"92","100","json"
"93","100","imageai.Detection.Custom.voc"
"94","100","imageai.Detection.Custom.generator"
"95","100","imageai.Detection.Custom.utils.utils"
"96","100","keras.models"
"97","101","random"
"98","101","numpy"
"99","101","imageai.Detection.Custom.voc"
"100","102","cv2"
"101","102","copy"
"102","102","numpy"
"103","102","keras.utils"
"104","102","imageai.Detection.Custom.utils.bbox"
"105","102","imageai.Detection.Custom.utils.image"
"106","104","numpy"
"107","104","os"
"108","104","cv2"
"109","104",".colors"
"110","106","cv2"
"111","106","numpy"
"112","106","copy"
"113","107","keras.layers"
"114","107","keras.models"
"115","107","tensorflow"
"116","108","cv2"
"117","108","numpy"
"118","108","os"
"119","108",".bbox"
"120","108","scipy.special"
"121","109","os"
"122","109","xml.etree.ElementTree"
"123","109","pickle"
"124","110","keras.layers"
"125","110","keras.layers.merge"
"126","110","keras.models"
"127","110","keras.engine.topology"
"128","110","tensorflow"
"129","111","."
"130","113","os.path"
"131","113","click"
"132","113","ker"
"133","113","ker"
"134","113","numpy"
"135","113","pkg_resources"
"136","113","sklearn.model_selection"
"137","113","tensorflow"
"138","113","ker"
"139","114","._1d"
"140","114","._2d"
"141","114","._3d"
"142","114","._time_distributed_2d"
"143","120","ker"
"144","120","ker"
"145","120","imageai.Detection"
"146","120","imageai.Detection.keras_resnet"
"147","120","ker"
"148","120","ker"
"149","121","ker"
"150","121","ker"
"151","121","imageai.Detection"
"152","121","imageai.Detection.keras_resnet"
"153","121","ker"
"154","121","ker"
"155","122","ker"
"156","122","ker"
"157","122","imageai.Detection"
"158","122","imageai.Detection.keras_resnet"
"159","122","ker"
"160","122","ker"
"161","123","ker"
"162","123","ker"
"163","123","imageai.Detection"
"164","123","imageai.Detection.keras_resnet"
"165","123","ker"
"166","123","ker"
"167","124","._2d"
"168","125","ker"
"169","125","ker"
"170","125","ker"
"171","125","ker"
"172","125","imageai.Detection"
"173","125","imageai.Detection.keras_resnet"
"174","125","ker"
"175","125","ker"
"176","125","ker"
"177","125","ker"
"178","125","ker"
"179","125","ker"
"180","126","._batch_normalization"
"181","129","ker"
"182","130","._2d"
"183","130","._time_distributed_2d"
"184","134","ker"
"185","134","ker"
"186","134","ker"
"187","134","ker"
"188","134","imageai.Detection"
"189","134","imageai.Detection.keras_resnet"
"190","134","imageai.Detection.keras_resnet"
"191","134","ker"
"192","134","ker"
"193","134","ker"
"194","134","ker"
"195","134","ker"
"196","134","ker"
"197","134","ker"
"198","134","ker"
"199","135","ker"
"200","135","ker"
"201","135","ker"
"202","135","ker"
"203","135","imageai.Detection"
"204","135","imageai.Detection.keras_resnet"
"205","135","imageai.Detection.keras_resnet"
"206","135","ker"
"207","135","ker"
"208","135","ker"
"209","135","ker"
"210","135","ker"
"211","135","ker"
"212","135","ker"
"213","135","ker"
"214","140","os"
"215","140",".dynamic"
"216","140",".common"
"217","145","ker"
"218","145",".dynamic"
"219","145","numpy"
"220","146","os"
"221","146",".tensorflow_backend"
"222","147","tensorflow"
"223","147","ker"
"224","148",".common"
"225","149","ker"
"226","149","..utils.coco_eval"
"227","150","ker"
"228","151","ker"
"229","151","..utils.eval"
"230","151","tensorflow"
"231","152","ker"
"232","152","numpy"
"233","152","math"
"234","153","._misc"
"235","156","ker"
"236","156",".."
"237","156","..utils"
"238","156","numpy"
"239","158","ker"
"240","158","."
"241","163","ker"
"242","163","keras.applications.mobilenet"
"243","163","..models"
"244","164","warnings"
"245","164","ker"
"246","164","imageai.Detection"
"247","164","imageai.Detection.keras_resnet"
"248","164","..models"
"249","165","ker"
"250","165",".."
"251","165",".."
"252","165",".."
"253","165","numpy"
"254","167","..preprocessing.generator"
"255","167","..utils.image"
"256","167","os"
"257","167","numpy"
"258","167","pycocotools.coco"
"259","168",".generator"
"260","168","..utils.image"
"261","168","numpy"
"262","168","PIL"
"263","168","six"
"264","168","csv"
"265","168","sys"
"266","168","os.path"
"267","169","numpy"
"268","169","random"
"269","169","threading"
"270","169","time"
"271","169","warnings"
"272","169","ker"
"273","169","..utils.anchors"
"274","169","..utils.image"
"275","169","..utils.transform"
"276","170","csv"
"277","170","os.path"
"278","170","numpy"
"279","170","PIL"
"280","170",".generator"
"281","170","..utils.image"
"282","171","csv"
"283","171","json"
"284","171","os"
"285","171","warnings"
"286","171","numpy"
"287","171","PIL"
"288","171",".generator"
"289","171","..utils.image"
"290","172","..preprocessing.generator"
"291","172","..utils.image"
"292","172","os"
"293","172","numpy"
"294","172","six"
"295","172","PIL"
"296","172","xml.etree.cElementTree"
"297","172","xml.etree.ElementTree"
"298","180","numpy"
"299","181","__future__"
"300","181","pycocotools.coco"
"301","181","pycocotools.cocoeval"
"302","181","numpy"
"303","181","json"
"304","181","os"
"305","182","warnings"
"306","183","__future__"
"307","183",".anchors"
"308","183",".visualization"
"309","183","numpy"
"310","183","os"
"311","183","cv2"
"312","183","pickle"
"313","184","__future__"
"314","184","ker"
"315","184","time"
"316","184","numpy"
"317","184","scipy.ndimage"
"318","184","cv2"
"319","184","PIL"
"320","184",".transform"
"321","185","__future__"
"322","185","ker"
"323","185","sys"
"324","187","numpy"
"325","188","cv2"
"326","188","numpy"
"327","188",".colors"
"328","195","functools"
"329","195","numpy"
"330","195","tensorflow"
"331","195","keras"
"332","195","keras.layers"
"333","195","keras.layers.advanced_activations"
"334","195","keras.layers.normalization"
"335","195","keras.regularizers"
"336","195","keras.models"
"337","196","tensorflow"
"338","196","keras"
"339","196","PIL"
"340","197","numpy"
"341","197","tensorflow.python.keras.preprocessing"
"342","197","PIL"
"343","197","tensorflow.python.keras.layers"
"344","197","tensorflow.python.keras.layers"
"345","197","tensorflow.python.keras.models"
"346","197","tensorflow.python.keras.models"
"347","197","numpy"
"348","197","tensorflow.python.keras.preprocessing"
"349","197",".SqueezeNet.squeezenet"
"350","197",".imagenet_utils"
"351","197","numpy"
"352","197","tensorflow.python.keras.preprocessing"
"353","197",".ResNet.resnet50"
"354","197",".imagenet_utils"
"355","197","tensorflow.python.keras.preprocessing"
"356","197",".DenseNet.densenet"
"357","197","numpy"
"358","197","numpy"
"359","197","tensorflow.python.keras.preprocessing"
"360","197","imageai.Prediction.InceptionV3.inceptionv3"
"361","197","imageai.Prediction.InceptionV3.inceptionv3"
"362","197",".imagenet_utils"
"363","197",".imagenet_utils"
"364","197",".DenseNet.densenet"
"365","197",".DenseNet.densenet"
"366","197","imageai.Prediction.InceptionV3.inceptionv3"
"367","197",".imagenet_utils"
"368","197",".imagenet_utils"
"369","197",".DenseNet.densenet"
"370","197",".DenseNet.densenet"
"371","197","imageai.Prediction.InceptionV3.inceptionv3"
"372","200","..SqueezeNet.squeezenet"
"373","200","..ResNet.resnet50"
"374","200","..InceptionV3.inceptionv3"
"375","200","..DenseNet.densenet"
"376","200","tensorflow.python.keras.optimizers"
"377","200","tensorflow.python.keras.preprocessing.image"
"378","200","tensorflow.python.keras.callbacks"
"379","200","tensorflow.python.keras.layers"
"380","200","tensorflow.python.keras.models"
"381","200","tensorflow.python.keras.preprocessing"
"382","200","tensorflow.python.keras.models"
"383","200","tensorflow"
"384","200","tensorflow.python.keras"
"385","200","PIL"
"386","200","os"
"387","200","time"
"388","200","tensorflow.python.keras.callbacks"
"389","200","io"
"390","200","json"
"391","200","numpy"
"392","200","warnings"
"393","200","numpy"
"394","200","tensorflow.python.keras.preprocessing"
"395","200","..SqueezeNet.squeezenet"
"396","200",".custom_utils"
"397","200",".custom_utils"
"398","200","numpy"
"399","200","tensorflow.python.keras.preprocessing"
"400","200","..ResNet.resnet50"
"401","200",".custom_utils"
"402","200",".custom_utils"
"403","200","tensorflow.python.keras.preprocessing"
"404","200","..DenseNet.densenet"
"405","200",".custom_utils"
"406","200","numpy"
"407","200","numpy"
"408","200","tensorflow.python.keras.preprocessing"
"409","200","imageai.Prediction.InceptionV3.inceptionv3"
"410","200",".custom_utils"
"411","200","tensorflow.python.framework"
"412","200",".custom_utils"
"413","200",".custom_utils"
"414","200",".custom_utils"
"415","200",".custom_utils"
"416","200",".custom_utils"
"417","200",".custom_utils"
"418","200","..DenseNet.densenet"
"419","200","imageai.Prediction.InceptionV3.inceptionv3"
"420","200",".custom_utils"
"421","200","imageai.Prediction.InceptionV3.inceptionv3"
"422","200",".custom_utils"
"423","200",".custom_utils"
"424","200",".custom_utils"
"425","200",".custom_utils"
"426","200",".custom_utils"
"427","200",".custom_utils"
"428","200",".custom_utils"
"429","200","..DenseNet.densenet"
"430","200","imageai.Prediction.InceptionV3.inceptionv3"
"431","200",".custom_utils"
"432","203","json"
"433","212","__future__"
"434","212","__future__"
"435","212","__future__"
"436","212","warnings"
"437","212","tensorflow.python.keras.models"
"438","212","tensorflow.python.keras.layers"
"439","212","tensorflow.python.keras.layers"
"440","212","tensorflow.python.keras.layers"
"441","212","tensorflow.python.keras.layers"
"442","212","tensorflow.python.keras.layers"
"443","212","tensorflow.python.keras.layers"
"444","212","tensorflow.python.keras.layers"
"445","212","tensorflow.python.keras.regularizers"
"446","212","tensorflow.python.keras.utils"
"447","212","..DenseNet.imagenet_utils"
"448","212","..DenseNet.imagenet_utils"
"449","212","tensorflow.python.keras"
"450","212","..DenseNet.subpixel"
"451","213","json"
"452","213","warnings"
"453","213","tensorflow.python.keras"
"454","214","__future__"
"455","214","tensorflow.python.keras.layers"
"456","214","tensorflow.python.keras.utils"
"457","214","..DenseNet.tensorflow_backend"
"458","215","tensorflow"
"459","221","json"
"460","221","warnings"
"461","221","tensorflow.python.keras"
"462","222","__future__"
"463","222","__future__"
"464","222","warnings"
"465","222","tensorflow.python.keras"
"466","222","tensorflow.python.keras"
"467","222","tensorflow.python.keras.layers"
"468","222","tensorflow.python.keras.layers"
"469","222","tensorflow.python.keras.layers"
"470","222","tensorflow.python.keras.layers"
"471","222","tensorflow.python.keras.layers"
"472","222","tensorflow.python.keras.layers"
"473","222","tensorflow.python.keras.layers"
"474","222","tensorflow.python.keras.layers"
"475","222","tensorflow.python.keras.layers"
"476","222","tensorflow.python.keras.models"
"477","222","..InceptionV3.imagenet_utils"
"478","227","tensorflow.python"
"479","227","tensorflow.python.keras"
"480","227","tensorflow.python.keras.layers"
"481","227","tensorflow.python.keras.models"
"482","231","tensorflow.python.keras.layers"
"483","231","tensorflow.python.keras.layers"
"484","231","tensorflow.python.keras.models"
"485","237","setuptools"
"486","423","imageai.Detection.Custom"
"487","423","pytest"
"488","423","os"
"489","423","cv2"
"490","423","shutil"
"491","423","numpy"
"492","423","ker"
"493","424","imageai.Prediction.Custom"
"494","424","os"
"495","424","pytest"
"496","424","os.path"
"497","424","ker"
"498","425","imageai.Detection.Custom"
"499","425","os"
"500","425","numpy"
"501","425","pytest"
"502","425","ker"
"503","426","imageai.Detection.Custom"
"504","426","os"
"505","426","shutil"
"506","426","ker"
"507","426","pytest"
"508","427","imageai.Prediction"
"509","427","os"
"510","427","cv2"
"511","427","pytest"
"512","427","os.path"
"513","427","ker"
"514","428","imageai.Prediction.Custom"
"515","428","os"
"516","428","pytest"
"517","428","shutil"
"518","428","ker"
"519","429","imageai.Detection"
"520","429","pytest"
"521","429","os"
"522","429","cv2"
"523","429","os.path"
"524","429","shutil"
"525","429","numpy"
"526","429","ker"
"527","430","imageai.Detection"
"528","430","cv2"
"529","430","pytest"
"530","430","os"
"531","430","os.path"
"532","430","numpy"
"533","430","ker"
